Label,CAGR,Annual Vol,Sharpe,Sortino,Max Drawdown,Calmar,Win Rate,Best Month,Worst Month,Total Return,Years
S&P 500 (SPY),0.10070928386103684,0.14607609027732546,0.1531328546635921,0.2058616877262663,-0.5078480109098404,0.19830595315438976,0.6654135338345865,0.1269834666195424,-0.16518692607819618,7.389639267127743,22.166666666666668
Top-8 Momentum (Best Sharpe),0.3713031708983099,0.2568531821287831,0.36247776250292657,0.5937696396227803,-0.4897228694713742,0.7581903848989304,0.6627450980392157,0.3459355097162352,-0.21965345126613073,819.5148681537676,21.25
Top-3 Momentum (Best Sortino),0.550394611559009,0.39244230827686183,0.35864597091797784,0.7741761203206188,-0.6095083857257564,0.903014010059338,0.6862745098039216,0.7062832396834376,-0.2738278847122823,11139.32392741491,21.25
