Label,CAGR,Annual Vol,Sharpe,Sortino,Max Drawdown,Calmar,Win Rate,Best Month,Worst Month,Total Return,Years
S&P 500 (SPY),0.10261277493908594,0.1485604433773154,0.1546754697512447,0.20801059376930398,-0.5078482181712213,0.20205402178745066,0.6653543307086615,0.12698418320712146,-0.1651869110998715,6.9059474253758735,21.166666666666668
Top-15 Momentum (Best Sharpe),0.20014806798144735,0.21236361565198628,0.24015417391610344,0.3406748438215432,-0.593280612875221,0.33735818032459886,0.6363636363636364,0.263359107079244,-0.21977263808577702,45.831097906310276,21.083333333333332
Top-8 Momentum (Best Sortino),0.21098248628870686,0.2353508188784443,0.2338676248489781,0.34601265048936497,-0.5577408418919463,0.37828050313299716,0.6324110671936759,0.2821815246475793,-0.17673848497281025,55.600890294721495,21.083333333333332
